Date,Date.Regular.Freq,ffr_shock,fw_shock,lsap_shock,lsap_shock2,exchange.rate.open,exchange.rate.close,log.diff.exchange.rate,bmv.ipc.volume,bmv.ipc.open,bmv.ipc.close,log.diff.bmv.ipc,naftrac_open,naftrac_close,log.diff.naftrac,dcetes28,dcetes91,dcetes182,dcetes364
1992-02-06,2003-09-01,0.3064,-0.1059,-0.0086,0.0086,3.066,3.0645,-4.893565059729266e-4,NA,NA,NA,NA,NA,NA,NA,NA,NA,NA,NA
1992-04-01,2003-10-01,-0.0885,0.2901,0.1247,-0.1247,3.0615,3.061,-1.633319725968807e-4,NA,NA,NA,NA,NA,NA,NA,NA,NA,NA,NA
1992-04-09,2003-11-01,-2.3357,-1.9294,-0.8946,0.8946,3.082,3.0685,-0.004389894050909504,NA,NA,NA,NA,NA,NA,NA,NA,NA,NA,NA
1992-05-20,2003-12-01,0.318,0.2013,0.3881,-0.3881,3.104,3.1045,1.6106950183814028e-4,NA,NA,NA,NA,NA,NA,NA,NA,NA,NA,NA
1992-07-02,2004-01-01,-1.2613,1.7221,0.6392,-0.6392,3.121,3.119,-6.410256629760802e-4,NA,NA,NA,NA,NA,NA,NA,NA,NA,NA,NA
1992-08-19,2004-02-01,0.3873,-0.1127,-0.0189,0.0189,3.0855,3.0815,-0.0012972273588238714,NA,NA,NA,NA,NA,NA,NA,NA,NA,NA,NA
1992-09-04,2004-03-01,0.1877,-0.1289,-0.2503,0.2503,3.069,3.066,-9.77995187976699e-4,NA,NA,NA,NA,NA,NA,NA,NA,NA,NA,NA
1992-10-07,2004-04-01,0.3143,0.0939,-0.0287,0.0287,3.112,3.1095,-8.036647543383513e-4,NA,NA,NA,NA,NA,NA,NA,NA,NA,NA,NA
1992-11-18,2004-05-01,0.3758,0.1324,0.3447,-0.3447,3.119,3.1125,-0.002086175834840276,NA,NA,NA,NA,NA,NA,NA,NA,NA,NA,NA
1992-12-23,2004-06-01,0.3326,-0.4192,-0.2965,0.2965,3.122,3.116,-0.0019236940847382478,NA,NA,NA,NA,NA,NA,NA,NA,NA,NA,NA
1993-02-04,2004-07-01,-0.1136,0.2992,0.1063,-0.1063,3.102,3.1,-6.449532632464283e-4,NA,NA,NA,NA,NA,NA,NA,NA,NA,NA,NA
1993-03-24,2004-08-01,0.2365,0.2362,0.206,-0.206,3.115,3.11,-0.001606426048273768,NA,NA,NA,NA,NA,NA,NA,NA,NA,NA,NA
1993-05-19,2004-09-01,-0.1463,-0.0739,0.1429,-0.1429,3.117,3.113,-0.001284109325728977,NA,NA,NA,NA,NA,NA,NA,NA,NA,NA,NA
1993-07-08,2004-10-01,0.116,-0.0208,-0.0624,0.0624,3.125,3.125,0,NA,NA,NA,NA,NA,NA,NA,NA,NA,NA,NA
1993-08-18,2004-11-01,0.6136,-0.0165,0.0252,-0.0252,3.11,3.111,3.2149172435724793e-4,NA,NA,NA,NA,NA,NA,NA,NA,NA,NA,NA
1993-09-22,2004-12-01,0.3298,-0.1272,-0.1854,0.1854,3.124,3.115,-0.0028850797380230997,NA,NA,NA,NA,NA,NA,NA,NA,NA,NA,NA
1993-11-17,2005-01-01,-0.0399,0.1139,0.1377,-0.1377,3.17,3.14,-0.00950878796902721,NA,NA,NA,NA,NA,NA,NA,NA,NA,NA,NA
1993-12-22,2005-02-01,0.2094,-0.3285,-0.3,0.3,3.115,3.112,-9.635459232713028e-4,NA,NA,NA,NA,NA,NA,NA,NA,NA,NA,NA
1994-02-04,2005-03-01,0.9019,2.053,0.0382,-0.0382,3.106,3.106,0,NA,NA,NA,NA,NA,NA,NA,NA,NA,NA,NA
1994-03-22,2005-04-01,-0.3825,-0.7124,0.5607,-0.5607,3.325,3.34,0.00450113288079157,NA,NA,NA,NA,NA,NA,NA,NA,NA,NA,NA
1994-04-18,2005-05-01,1.1904,0.802,-0.3535,0.3535,3.3682,3.3682,0,NA,NA,NA,NA,NA,NA,NA,NA,NA,NA,NA
1994-05-17,2005-06-01,0.7621,-2.1364,0.0947,-0.0947,3.335,3.33,-0.0015003753752345084,NA,NA,NA,NA,NA,NA,NA,NA,NA,NA,NA
1994-07-06,2005-07-01,0.0677,0.3893,0.0958,-0.0958,3.3998,3.3998,0,NA,NA,NA,NA,NA,NA,NA,NA,NA,NA,NA
1994-08-16,2005-08-01,1.1206,-0.7659,0.3041,-0.3041,3.407,3.407,0,NA,NA,NA,NA,NA,NA,NA,NA,NA,NA,NA
1994-09-27,2005-09-01,-0.6467,0.7788,-0.011,0.011,3.385,3.39,0.0014760150281207807,NA,NA,NA,NA,NA,NA,NA,NA,NA,NA,NA
1994-11-15,2005-10-01,1.1161,-0.3582,0.0327,-0.0327,3.4525,3.4526,2.896409900143837e-5,NA,NA,NA,NA,NA,NA,NA,NA,NA,NA,NA
1994-12-20,2005-11-01,-1.9854,2.1238,1.3529,-1.3529,3.924,3.99,0.01667968919865559,NA,NA,NA,NA,NA,NA,NA,NA,NA,NA,NA
1995-02-01,2005-12-01,0.8013,0.6796,-0.0802,0.0802,5.65,5.4,-0.0452565915881209,NA,NA,NA,NA,NA,NA,NA,NA,NA,NA,NA
1995-03-28,2006-01-01,0.4821,0.2032,0.0546,-0.0546,6.76,6.81,0.007369230106548219,NA,NA,NA,NA,NA,NA,NA,NA,NA,NA,NA
1995-05-23,2006-02-01,0.1395,0.0184,-0.0619,0.0619,5.94,6.01,0.011715615172562588,NA,NA,NA,NA,NA,NA,NA,NA,NA,NA,NA
1995-07-06,2006-03-01,-1.1568,-3.4116,-0.4801,0.4801,6.27,6.215,-0.008810629682154847,NA,NA,NA,NA,NA,NA,NA,NA,NA,NA,NA
1995-08-22,2006-04-01,0.4356,0.769,0.1613,-0.1613,6.22,6.276,0.008962928119698121,NA,NA,NA,NA,NA,NA,NA,NA,NA,NA,NA
1995-09-26,2006-05-01,0.5176,0.8589,0.1424,-0.1424,6.4,6.399,-1.562622083031151e-4,NA,NA,NA,NA,NA,NA,NA,NA,NA,NA,NA
1995-11-15,2006-06-01,0.3602,0.377,-0.0382,0.0382,8.05,7.94,-0.013758816171427934,NA,NA,NA,NA,NA,NA,NA,NA,NA,NA,NA
1995-12-19,2006-07-01,-0.916,0.4445,0.3207,-0.3207,7.74,7.655,-0.01104265849198871,NA,NA,NA,NA,NA,NA,NA,NA,NA,NA,NA
1996-01-31,2006-08-01,-0.1428,-0.2768,0.053900000000000003,-0.053900000000000003,7.41,7.3775,-0.00439561147303813,NA,NA,NA,NA,NA,NA,NA,NA,NA,NA,NA
1996-03-26,2006-09-01,0.0693,0.2903,0.2824,-0.2824,7.55,7.5475,-3.311806620764912e-4,NA,NA,NA,NA,NA,NA,NA,NA,NA,NA,NA
1996-05-21,2006-10-01,0.1984,0.3575,0.0612,-0.0612,7.405,7.3925,-0.001689474975266947,NA,NA,NA,NA,NA,NA,NA,NA,NA,NA,NA
1996-07-03,2006-11-01,-0.4959,0.3291,0.4418,-0.4418,7.61,7.6025,-9.860313042122648e-4,NA,NA,NA,NA,NA,NA,NA,NA,NA,NA,NA
1996-08-20,2006-12-01,-0.0449,0.4932,0.1195,-0.1195,7.471,7.472,1.338419328771323e-4,NA,NA,NA,NA,NA,NA,NA,NA,NA,NA,NA
1996-09-24,2007-01-01,-1.37,-0.1876,0.2241,-0.2241,7.541,7.526,-0.001991107049264418,NA,NA,NA,NA,NA,NA,NA,NA,NA,NA,NA
1996-11-13,2007-02-01,0.0277,-0.1753,0.2371,-0.2371,7.925,7.915,-0.0012626264303690071,NA,NA,NA,NA,NA,NA,NA,NA,NA,NA,NA
1996-12-17,2007-03-01,0.2383,-0.0134,-0.1185,0.1185,7.9,7.86,-0.0050761530318608195,NA,NA,NA,NA,NA,NA,NA,NA,NA,NA,NA
1997-02-05,2007-04-01,-0.1922,0.776,0.1477,-0.1477,7.834,7.8235,-8.939404209384882e-4,NA,NA,NA,NA,NA,NA,NA,NA,NA,NA,NA
1997-03-25,2007-05-01,0.6425,1.0719,-0.2055,0.2055,7.894,7.895,1.2667046694980755e-4,NA,NA,NA,NA,NA,NA,NA,NA,NA,NA,NA
1997-05-20,2007-06-01,-1.1094,0.2048,0.1457,-0.1457,7.892,7.88,-0.0015216842905809713,NA,NA,NA,NA,NA,NA,NA,NA,NA,NA,NA
1997-07-02,2007-07-01,0.0126,0.1768,0.3032,-0.3032,7.939,7.967,0.0035206876552527078,NA,NA,NA,NA,NA,NA,NA,NA,NA,NA,NA
1997-08-19,2007-08-01,0.1893,0.3183,-0.0049,0.0049,7.756,7.7615,7.088771039556185e-4,NA,NA,NA,NA,NA,NA,NA,NA,NA,NA,NA
1997-09-30,2007-09-01,0.1425,0.0627,-0.0582,0.0582,7.77,7.769,-1.2870841127243793e-4,NA,NA,NA,NA,NA,NA,NA,NA,NA,NA,NA
1997-11-12,2007-10-01,-0.1335,-0.2576,0.1958,-0.1958,8.4,8.405,5.950610113107935e-4,NA,NA,NA,NA,NA,NA,NA,NA,NA,NA,NA
1997-12-16,2007-11-01,0.094,-0.0742,0.0088,-0.0088,8.0925,8.102,0.0011732379622362288,NA,NA,NA,NA,NA,NA,NA,NA,NA,NA,NA
1998-02-04,2007-12-01,0.1006,0.468,0.2097,-0.2097,8.43,8.421,-0.0010681859659089632,NA,NA,NA,NA,NA,NA,NA,NA,NA,NA,NA
1998-03-31,2008-01-01,-0.0028,0.2544,0.079,-0.079,8.523,8.524,1.1732269621012037e-4,NA,NA,NA,NA,NA,NA,NA,NA,NA,NA,NA
1998-05-19,2008-02-01,-0.1035,-1e-4,0.1194,-0.1194,8.58,8.586,6.990563024977803e-4,NA,NA,NA,NA,NA,NA,NA,NA,NA,NA,NA
1998-07-01,2008-03-01,0.2903,0.0441,0.0546,-0.0546,8.938,8.946,8.946544993961858e-4,NA,NA,NA,NA,NA,NA,NA,NA,NA,NA,NA
1998-08-18,2008-04-01,0.2477,-0.0752,-0.0598,0.0598,9.24,9.213,-0.0029263555267977637,NA,NA,NA,NA,NA,NA,NA,NA,NA,NA,NA
1998-09-29,2008-05-01,0.9672,-0.3375,-0.1144,0.1144,10.125,10.14,0.0014803851704341398,NA,NA,NA,NA,NA,NA,NA,NA,NA,NA,NA
1998-10-15,2008-06-01,-2.9603,-2.4332,0.3738,-0.3738,10.1525,10.16,7.384615720202881e-4,NA,NA,NA,NA,NA,NA,NA,NA,NA,NA,NA
1998-11-17,2008-07-01,-0.0225,0.1287,0.3387,-0.3387,9.9415,9.93,-0.0011574366589175433,NA,NA,NA,NA,NA,NA,NA,NA,NA,NA,NA
1998-12-22,2008-08-01,0.2151,-0.0014,0.0055,-0.0055,9.818,9.8,-0.0018350499593342562,NA,NA,NA,NA,NA,NA,NA,NA,NA,NA,NA
1999-02-03,2008-09-01,0.2094,0.2768,-0.2118,0.2118,10.11,10.107,-2.967799398545523e-4,NA,NA,NA,NA,NA,NA,NA,NA,NA,NA,NA
1999-03-30,2008-10-01,0.0659,-0.387,-0.1443,0.1443,9.541,9.556,0.0015709276938542516,NA,NA,NA,NA,NA,NA,NA,NA,NA,NA,NA
1999-05-18,2008-11-01,-0.0395,2.9835,0.2453,-0.2453,9.296,9.315,0.0020418039439964453,NA,NA,NA,NA,NA,NA,NA,NA,NA,NA,NA
1999-06-30,2008-12-01,-0.3678,-1.7254,0.1541,-0.1541,9.426,9.37,-0.005958732251208243,NA,NA,NA,NA,NA,NA,NA,NA,NA,NA,NA
1999-08-24,2009-01-01,0.5327,-0.49,0.0544,-0.0544,9.347,9.314,-0.0035367916402608834,NA,NA,NA,NA,NA,NA,NA,NA,NA,NA,NA
1999-10-05,2009-02-01,-0.4347,2.3462,0.3615,-0.3615,9.501,9.445,-0.0059115552711395125,NA,NA,NA,NA,NA,NA,NA,NA,NA,NA,NA
1999-11-16,2009-03-01,1.2575,0.5482,-0.0827,0.0827,9.419,9.382,-0.003935965934414032,NA,NA,NA,NA,NA,NA,NA,NA,NA,NA,NA
1999-12-21,2009-04-01,0.1886,0.8563,-0.1042,0.1042,9.325,9.312,-0.0013950745407971255,NA,NA,NA,NA,NA,NA,NA,NA,NA,NA,NA
2000-02-02,2009-05-01,-0.3775,1.1098,-0.2409,0.2409,9.58,9.571,-9.398987689994698e-4,NA,NA,NA,NA,NA,NA,NA,NA,NA,NA,NA
2000-03-21,2009-06-01,0.101,0.3935,0.2478,-0.2478,9.288,9.2575,0.0017211708207729437,NA,NA,NA,NA,NA,NA,NA,NA,NA,NA,NA
2000-05-16,2009-07-01,0.7103,0.5494,0.2483,-0.2483,9.509,9.518,9.460241416117121e-4,NA,NA,NA,NA,NA,NA,NA,NA,NA,NA,NA
2000-06-28,2009-08-01,-0.1596,-0.1981,0.0586,-0.0586,9.98,9.969,-0.0011028122828058429,NA,NA,NA,NA,NA,NA,NA,NA,NA,NA,NA
2000-08-22,2009-09-01,-0.0425,0.6783,0.3355,-0.3355,9.233,9.247,0.0015151518050107171,NA,NA,NA,NA,NA,NA,NA,NA,NA,NA,NA
2000-10-03,2009-10-01,0.0256,1.2013,0.3226,-0.3226,9.392,9.4,8.514261902177189e-4,NA,NA,NA,NA,NA,NA,NA,NA,NA,NA,NA
2000-11-15,2009-11-01,0.1507,0.1349,0.4781,-0.4781,9.476,9.463,-0.0013728287704433129,NA,NA,NA,NA,NA,NA,NA,NA,NA,NA,NA
2000-12-19,2009-12-01,0.8049,-0.2578,-0.5124,0.5124,9.363,9.382,0.002027207949514054,NA,NA,NA,NA,NA,NA,NA,NA,NA,NA,NA
2001-01-03,2010-01-01,-4.0334,2.6939,-0.0444,0.0444,9.837,9.68,-0.01608888524213503,NA,NA,NA,NA,NA,NA,NA,NA,NA,NA,NA
2001-01-31,2010-02-01,0.8316,-0.7344,-0.7924,0.7924,9.6925,9.684,-8.773514871349697e-4,NA,NA,NA,NA,NA,NA,NA,NA,NA,NA,NA
2001-03-20,2010-03-01,-0.2878,-1.0225,-1.0006,1.0006,9.535,9.5075,-0.0028882782321044687,NA,NA,NA,NA,NA,NA,NA,NA,NA,NA,NA
2001-04-18,2010-04-01,-5.7674,-0.1372,-0.9075,0.9075,9.168,9.24,0.007822725681208897,NA,NA,NA,NA,NA,NA,NA,NA,NA,NA,NA
2001-05-15,2010-05-01,-1.0852,-1.4497,-0.76,0.76,9.167,9.169,2.181500881253129e-4,93496600,6041.89013671875,5987,-0.00912644759192105,NA,NA,NA,NA,NA,NA,NA
2001-06-27,2010-06-01,1.2762,0.1831,0.1713,-0.1713,9.041,9.064,0.0025407359704754384,103990400,6582.60986328125,6587.68017578125,7.699622005983286e-4,NA,NA,NA,NA,NA,NA,NA
2001-08-21,2010-07-01,0.2449,-0.7854,-0.5634,0.5634,9.116,9.1385,0.0024651468289218492,74821400,6245.7099609375,6276.08984375,0.00485232840237515,NA,NA,NA,NA,NA,NA,NA
2001-10-02,2010-08-01,-0.3513,-0.2621,-0.433,0.433,9.51,9.517,7.357965329073402e-4,67593000,5389.39013671875,5361.7998046875,-0.005132528166447159,NA,NA,NA,NA,NA,NA,NA
2001-11-06,2010-09-01,-1.6435,-0.8846,-1.3002,1.3002,9.21,9.219,9.76721549241777e-4,74761400,5681.02001953125,5677.7900390625,-5.687181208493541e-4,NA,NA,NA,NA,NA,NA,NA
2001-12-11,2010-10-01,0.0916,-1.5986,-0.2351,0.2351,9.2,9.1525,-0.005176418042740494,95167400,6136.02978515625,6150.259765625,0.002316401021280612,NA,NA,NA,NA,NA,NA,NA
2002-01-30,2010-11-01,0.3761,0.1204,0.3955,-0.3955,9.195,9.174,-0.0022864618813041027,113321000,6789.490234375,6750.7998046875,-0.005714875364947858,NA,NA,NA,NA,NA,NA,NA
2002-03-19,2010-12-01,-0.1633,-1.162,0.0507,-0.0507,9.0765,9.074,-2.7547450657650074e-4,128914000,7345.89990234375,7427.919921875,0.011103541695169028,NA,NA,NA,NA,NA,NA,NA
2002-05-07,2011-01-01,0.2803,-0.8223,-0.4716,0.4716,9.505,9.489,-0.0016847429487709675,93702400,7543.64990234375,7431.89013671875,-0.014925917886632334,NA,NA,NA,NA,NA,NA,NA
2002-06-26,2011-02-01,0.1549,0.2172,-0.0111,0.0111,10.025,10.004,-0.002096960177260687,136714200,6353.52978515625,6171.6298828125,-0.029047564580411134,NA,NA,NA,NA,NA,NA,NA
2002-08-13,2011-03-01,0.8185,-2.9402,-1.355,1.355,9.982,9.952,-0.0030099350505938816,57470200,5901.47998046875,5841.89990234375,-0.01014709392580393,NA,NA,NA,NA,NA,NA,NA
2002-09-24,2011-04-01,0.3159,-0.4086,-0.0436,0.0436,10.287,10.2765,-0.0010212270199665419,84063000,5740.85009765625,5705.669921875,-0.006146896435385685,NA,NA,NA,NA,NA,NA,NA
2002-11-06,2011-05-01,-2.1545,0.545,1.2461,-1.2461,10.1825,10.173,-9.334087288190851e-4,56273200,6041.93017578125,6064,0.0036461219168373304,NA,NA,NA,NA,NA,NA,NA
2002-12-10,2011-06-01,0.0903,0.693,0.2611,-0.2611,10.178,10.18,1.9648295573571062e-4,42920000,6053.39990234375,6081.52001953125,0.004634586417067155,NA,NA,NA,NA,NA,NA,NA
2003-01-29,2011-07-01,0.3047,0.9744,-0.0457,0.0457,10.984,10.972,-0.0010930953903129925,60833600,5918.31982421875,5937.97021484375,0.003314765167337086,NA,NA,NA,NA,NA,NA,NA
2003-03-18,2011-08-01,0.211,-0.2129,0.153,-0.153,10.83,10.884,0.004973759908100561,72161000,6011.93994140625,6042.759765625,0.005113340376725617,NA,NA,NA,NA,NA,NA,NA
2003-05-06,2011-09-01,0.5107,-2.3955,-0.7233,0.7233,10.24,10.269,0.002828028604796362,72420400,6604.14990234375,6614.68017578125,0.0015932235459175104,6.65,6.65,0,NA,NA,NA,NA
2003-06-25,2011-10-01,1.606,0.6574,0.4157,-0.4157,10.487,10.47,-0.001622369969822568,85169200,7114.72998046875,7078.35986328125,-0.005125056939203176,7.17,7.16,-0.0013956736389746371,-0.1819670000000002,-0.12379500000000032,-0.16947700000000054,-0.07860900000000015
2003-08-12,2011-11-01,0.3002,-1.0697,-0.1837,0.1837,10.7605,10.7265,-0.0031647068810793932,42913200,7356.68017578125,7358.3701171875,2.296888396617902e-4,7.42,7.42,0,0.029634000000000604,-0.051886999999999794,-0.07481399999999994,-0.03450199999999981
2003-09-16,2011-12-01,0.2693,-0.1075,-0.0068,0.0068,10.9235,10.92,0.0035183148399142716,44432200,7714.77001953125,7729.14013671875,0.0018609433995955271,7.8,7.8,0,-0.1621630000000005,-0.04247399999999946,-0.022823000000000704,0.031630999999999965
2003-10-28,2012-01-01,0.3265,-2.3187,-0.1503,0.1503,11.05,11.068,0.001627633960917585,96813000,7905.18994140625,7928.72021484375,0.002972138976000238,7.9,7.92,0.002528446353358582,-0.2321749999999998,-0.2466879999999998,-0.2850380000000001,-0.14456699999999945
2003-12-09,2012-02-01,-0.0291,1.5696,-0.7962,0.7962,11.18,11.165,-0.0013425824348320958,66922000,8509.4599609375,8429.0302734375,-0.009496748632313867,8.49,8.4,-0.010657294473988,-0.32327499999999976,-0.288818,-0.1490620000000007,-0.13476399999999966
2004-01-28,2012-03-01,-0.223,4.4319,-0.2286,0.2286,10.939,10.945,5.483458371724481e-4,154516000,9612.4599609375,9551.1298828125,-0.006400709680320915,9.58,9.5,-0.008385793376273654,0.05975199999999958,0.06074799999999936,0.05187000000000008,0.02124100000000073
2004-03-16,2012-04-01,0.3326,-1.771,0.1513,-0.1513,11.03,11.04,9.062075835379879e-4,85004000,9794.1298828125,9877.2900390625,0.008454971932112088,9.75,9.81,0.006134988567515709,-0.11214100000000027,-0.11470100000000016,0.05195300000000014,0.01005300000000009
2004-05-04,2012-05-01,-0.0093,0.5609,-0.075,0.075,11.41,11.405,-4.383081376331255e-4,86749200,10191.759765625,10333.169921875,0.013779574004555428,10.19,10.32,0.012676912818783581,0.07964799999999972,0.27766800000000025,0.2450260000000002,0.261355
2004-06-30,2012-06-01,-0.0468,-0.0481,-0.3709,0.3709,11.533,11.513,-0.0017356595522746154,72581600,10137.419921875,10281.8203125,0.014143797339988495,10.23,10.34,0.010695289116747997,-0.02152900000000013,-0.07401699999999956,-0.1852999999999998,-0.20015800000000006
2004-08-10,2012-07-01,0.3594,0.7461,0.1665,-0.1665,11.385,11.4175,0.002850566561314327,67198000,9814.4404296875,9910.83984375,0.009774277495360195,9.93,9.98,0.005022612266291748,0.028874000000000066,0.06061100000000064,0.04144099999999984,0.033277
2004-09-21,2012-08-01,0.1499,-0.2519,0.2136,-0.2136,11.43,11.4125,-0.0015322318856325623,117452200,10802.830078125,10850.3603515625,0.00439014748712907,10.84,10.83,-9.22934998600855e-4,-0.0014500000000001734,0.019118999999999886,0.08464700000000036,-0.07129499999999922
2004-11-10,2012-09-01,0.1976,-0.6317,0.0502,-0.0502,11.434,11.422,-0.0010500525991083975,79164200,11791.76953125,11794.01953125,1.9079285419465464e-4,11.73,11.79,0.005102051883895342,-0.05228800000000078,0.07083499999999887,0.019530999999998855,0.021129999999999427
2004-12-14,2012-10-01,0.0635,-0.1725,0.0747,-0.0747,11.2975,11.282,-0.0013729269855131676,73106200,12290.33984375,12430.8603515625,0.011368543610279502,12.28,12.45,0.013748700191720253,0.03837899999999905,-0.02303500000000014,-0.1327739999999995,-0.08462800000000037
2005-02-02,2012-11-01,0.0371,-0.1468,0.196,-0.196,11.1595,11.1625,2.6879312051475424e-4,140109400,13340.51953125,13339.41015625,-8.316176344003168e-5,13.31,13.35,0.0030007524392381413,0.0382169999999995,0.01850599999999858,0.019408999999999565,0.04513999999999996
2005-03-22,2012-12-01,0.1106,2.0778,-0.6014,0.6014,11.183,11.192,8.04469317128742e-4,40958400,13094.5302734375,13062.4501953125,-0.00245288971698443,13.05,13.06,7.65990079582668e-4,-0.019997000000000043,0.010241999999999862,0.022202999999999307,0.013315999999999661
2005-05-03,2013-01-01,0.05,0.6959,0.2637,-0.2637,11.026,11.0285,2.2671110301386577e-4,152339200,12422.919921875,12357.8798828125,-0.0052492404539545845,12.42,12.35,-0.005652013431346692,0.0884740000000015,-0.0867470000000008,-0.013917000000001067,-0.026669000000000054
2005-06-30,2013-02-01,0.0757,0.989,0.6774,-0.6774,10.768,10.7775,8.818547367805962e-4,68321800,13550.75,13486.1298828125,-0.004780155144704423,13.53,13.48,-0.003702336698535813,0.005271999999999721,0.005487999999999715,-0.002651000000000181,-0.037623999999999214
2005-08-09,2013-03-01,0.213,-0.4931,0.0746,-0.0746,10.647,10.64,-6.576784189706864e-4,94569800,14597.080078125,14673.33984375,0.005210717056755243,14.65,14.67,0.0013642566918141696,0.007656000000000773,-0.023600000000000065,-0.02456699999999934,0.009292999999999552
2005-09-20,2013-04-01,0.7183,-0.2786,0.284,-0.284,10.818,10.8355,0.0016163672210129931,144740600,15656.83984375,15563.4697265625,-0.005981388195547055,15.75,15.56,-0.01213684652139646,-0.012420999999999793,-0.11711999999999989,-0.04560799999999965,-0.04889299999999963
2005-11-01,2013-05-01,0.0959,0.3896,0.1212,-0.1212,10.7575,10.77,0.0011613054376797827,161487800,15759.9296875,15922.51953125,0.010263806940582043,15.79,15.89,0.006313152281073986,-0.012158000000001223,-0.0335289999999997,0.07407300000000028,0.009675999999998908
2005-12-13,2013-06-01,0.0902,-0.2964,0.0319,-0.0319,10.656,10.618,-0.003572439636553515,112062400,17583.08984375,17819.6796875,0.013365811149975926,17.69,17.82,0.007321913870969254,-0.08836200000000005,-0.0906640000000003,-0.06155099999999969,-0.07656300000000016
2006-01-31,2013-07-01,0.2948,0.6753,-0.1081,0.1081,10.44,10.454,0.0013400978362376748,116017000,18850.7890625,18907.099609375,0.0029827191404745435,18.83,18.9,0.0037105793965355183,-0.0016400000000000858,-0.05352699999999988,-0.0015779999999994132,-0.013015999999999472
2006-03-28,2013-08-01,0.2454,1.1983,0.0782,-0.0782,10.984,10.9575,-0.00241551515484284,102567000,19212.669921875,18929.98046875,-0.014823019706279084,19.25,18.93,-0.016763095512561943,-0.01144600000000029,0.02955400000000008,0.019881999999999955,0.02123200000000036
2006-05-10,2013-09-01,0.2349,1.2488,0.1938,-0.1938,10.853,10.844,-8.296078274590002e-4,110335400,21822.9296875,21781.0703125,-0.0019199792614870148,21.9,21.75,-0.006872879287762146,-0.011369000000000185,0.008942000000000228,0.009235999999999578,-0.0015330000000002286
2006-06-29,2013-10-01,-0.04,-0.5808,-0.2383,0.2383,11.405,11.3715,-0.0029416305540199694,140748000,18133.6796875,18908.330078125,0.04183160441546363,18.5,18.98,0.025615061097502778,-0.001927000000000234,0.008912999999999727,-0.023004000000000246,-0.02459200000000017
2006-08-08,2013-11-01,-0.2635,-0.0312,-0.057,0.057,10.92,10.899,-0.0019249284095845809,102169200,20417.259765625,20342.779296875,-0.003654586863008902,20.4,20.43,0.001469507979360074,-0.001458999999999655,-0.011808000000000263,0.009233999999999298,-0.024620999999999782
2006-09-20,2013-12-01,-0.0251,0.6957,0.2287,-0.2287,10.9265,10.945,0.001691699646756195,144814400,21660.9296875,21841.44921875,0.00829934233280305,21.75,21.87,0.005502077153983542,-0.011529000000000345,0.008892999999999596,-0.022930999999999813,-0.00153499999999962
2006-10-25,2014-01-01,0.1407,-0.1804,0.2265,-0.2265,10.7965,10.7975,9.261831996987269e-5,107807600,23279.76953125,23397.689453125,0.0050525532151297625,23.34,23.38,0.0017123291855125622,0.008726999999999485,-0.0013980000000000103,-0.0014929999999999666,-0.0015460000000002694
2006-12-12,2014-02-01,0.2328,-0.9068,0.0488,-0.0488,10.8305,10.84,4.615526713522833e-4,83340800,25756.810546875,25828.48046875,0.002778697825622345,25.93,25.86,0.0027032262068615864,0.007308000000000092,0.0075310000000001764,0.01856900000000028,0.008539999999999992
2007-01-31,2014-03-01,0.1043,-0.0917,0.1182,-0.1182,11.0566,11.0249,-0.0028711837309143284,180003800,27136.720703125,27561.490234375,0.015531698861611432,27.2,27.61,0.014961052640111827,-0.0013810000000002987,-0.001438999999999524,-0.012246000000000201,0.02147699999999997
2007-03-21,2014-04-01,0.2377,-1.9887,-0.5645,0.5645,11.0815,11.0297,-0.004685416871478054,220316400,27408.720703125,28219.55078125,0.029153791252413797,27.45,28.19,0.026601137170481515,-0.01144899999999982,-0.011778999999999762,-0.055112999999999523,-0.024569000000000507
2007-05-09,2014-05-01,0.0403,0.9269,0.2506,-0.2506,10.8365,10.816,-0.0018935463457117052,93486600,29572.69921875,29992.830078125,0.01410674366496778,29.58,30.01,0.014432202169622155,-0.0014929999999999666,-0.011861999999999817,-0.012274999999999814,-0.02428800000000031
2007-06-28,2014-06-01,0.0939,0.4185,0.1357,-0.1357,10.7925,10.799,6.020888031268434e-4,124544100,30801.919921875,31079.240234375,0.008963056554634363,30.79,31.07,0.009052761468546944,0.0086649999999997,-0.001282999999999923,-0.012272000000000283,-0.0015640000000001208
2007-08-07,2014-07-01,0.2368,-0.6886,-0.1569,0.1569,10.967,10.983,0.0014578590281368875,139162500,29721.630859375,30239.919921875,0.017287810739867737,29.79,30.21,0.014000228673389348,0.018725999999999132,-0.0015169999999997685,0.01994200000000035,0.009834999999999816
2007-08-10,2014-08-01,0.4016,0.3283,0.2616,-0.2616,11.021,11.0115,-8.623624725960788e-4,165978900,29883.169921875,29420.470703125,-0.015604728582090388,29.7,29.56,-0.004724949728653005,-0.0015219999999995792,0.039982000000000184,0.019910000000000316,0.021262000000000114
2007-08-17,2014-09-01,0.7101,-0.6014,-1.3685,1.3685,11.14,11.0905,-0.004453348490430997,217556300,27859.740234375,28510.66015625,0.023095413564421463,28.5,28.54,0.001402524774085645,-0.001422999999999952,-0.02229499999999973,-0.04469499999999993,-0.013049999999999784
2007-09-18,2014-10-01,-2.2456,-0.5758,-0.9525,0.9525,11.115,11.054,-0.005503194005088474,186831600,29795.869140625,30603.419921875,0.026742000405507227,30.1,30.71,0.02006316269790087,-0.0014170000000000016,-0.011834000000000344,-0.012341999999999409,-0.013119999999999798
2007-10-31,2014-11-01,0.024,1.8714,0.4441,-0.4441,10.7045,10.685,-0.0018233250335288886,163963200,31787,31458.669921875,-0.0103827828239762,31.69,31.73,0.0012614318922747891,0.008425000000000793,0.029487999999999737,0.009134999999999671,0.021537999999999613
2007-12-11,2014-12-01,0.8929,-1.3742,1.1662,-1.1662,10.805,10.834,0.0026803472768577308,126872500,31184.279296875,30327.359375,-0.027863844369578672,31.2,30.4,-0.02597548640326064,0.03872900000000001,0.008748000000000644,-0.001636000000000415,-0.0017020000000007585
2008-01-22,2015-01-01,-2.7591,2.3911,-0.5296,0.5296,10.93,10.927,-2.745115998386005e-4,215089300,25298.970703125,26892.740234375,0.061092659185762344,25.52,27,0.05637440752773992,0.00847099999999923,-0.01192100000000007,-0.06624499999999944,-0.09339500000000012
2008-01-30,2015-02-01,-1.2648,-0.0678,-0.7747,0.7747,10.8395,10.8195,-0.0018468078567339674,144325400,28262.849609375,28296.80078125,0.001200544052814223,28.3,28.18,-0.00424929817865749,0.05895700000000037,-0.0016100000000003334,-0.012315000000000076,0.009799000000000113
2008-03-11,2015-03-01,1.3296,1.8285,-0.985,0.985,10.804,10.7725,-0.002919845422513223,202437700,28233.900390625,29466.169921875,0.0427194255164185,28.4,29.38,0.0339250255785708,0.028656999999999933,-0.0015679999999997918,0.019889000000000046,0.03280700000000003
2008-03-18,2015-04-01,1.4094,-0.7948,-0.0228,0.0228,10.7325,10.679,-0.004997324927170421,116291800,29048.509765625,29515.55078125,0.015950086544407327,29,29.47,0.016076966763129086,-0.01637999999999984,0.004139000000000337,-0.006211000000000411,-0.01760399999999951
2008-04-30,2015-05-01,-0.8034,-0.1611,-0.4328,0.4328,10.51,10.5145,4.280720177618491e-4,174060600,30271.400390625,30281.41015625,3.3061275358825526e-4,30.32,30.39,0.002306046154530783,0.009338000000000513,0.01998500000000014,0.019873999999999725,0.009845999999999577
2008-06-25,2015-06-01,0.1006,-0.3273,-0.1409,0.1409,10.299,10.286,-0.0012630557909401041,121611300,29298.08984375,29569.439453125,0.009219056225715505,29.6,29.62,6.754475096379942e-4,-0.011757999999999491,0.008611999999999398,-0.0018840000000004409,0.00970899999999908
2008-08-05,2015-07-01,0.0689,-0.1506,-0.5328,0.5328,9.9275,9.905,-0.002269003872755082,156835200,26502.720703125,26990.189453125,0.018226050622828893,26.9,26.93,0.0011146202157141794,-0.0019189999999991159,0.029275000000000162,0.008801000000000059,0.021521999999999153
2008-09-16,2015-08-01,1.812,-0.1191,-0.4837,0.4837,10.812,10.8425,-0.013220563100539096,NA,24618.150390625,24618.150390625,0,25,24.72,0.011263192278710754,0.026564000000000476,0.006545000000000911,0.00683700000000087,0.053755999999999915
2008-10-08,2015-09-01,-0.9952,1.292,-0.1626,0.1626,12.93,12.25,-0.05402425579302994,362334800,20868.5703125,20678.970703125,-0.0091269384850019,20.5,20.98,0.023144716823788603,-0.10288699999999906,-0.08499400000000001,-0.06659199999999998,-0.07175900000000013
2008-10-29,2015-10-01,-0.5087,-0.6957,0.0753,-0.0753,12.9,12.96,0.0046403795565024275,326481900,18665.4609375,19157.330078125,0.026010606744993225,18.62,19.12,0.0264986357743342,0.23056200000000082,-0.001811000000000007,-0.09929499999999969,-0.12963700000000067
2008-12-16,2015-11-01,-1.9226,-3.2665,-0.4599,0.4599,13.36,13.179,-0.01364051444674752,289314700,21050.55078125,22032.5390625,0.045593683773029525,21.3,22.02,0.033244058579154245,-0.07245900000000027,-0.012283999999999295,-0.0018639999999994217,-0.07128099999999904
2009-01-28,2015-12-01,0.1792,-0.0808,-0.3325,0.3325,14.21,14.08,-0.009190591379113044,222974300,19613.990234375,20145.220703125,0.02672397523105907,20.01,20.17,0.00796420337047854,0.0692269999999997,0.019249999999999545,0.0199720000000001,0.010079000000000171
2009-03-18,2016-01-01,-0.2756,-1.9285,5.6307,-5.6307,14.0915,13.915,-0.012604383747624848,228632400,19325.05078125,19620.48046875,0.01517172034155223,19.18,19.66,0.02471804526372834,0.03882800000000053,-0.04285899999999998,-0.10868900000000004,-0.12752699999999972
2009-04-29,2016-02-01,0.2122,0.6293,-0.7556,0.7556,13.7135,13.605,-0.007943376869416596,310851700,21654.470703125,22079.33984375,0.01943039046091677,21.9,22.05,0.00682596507040012,0.009160999999999753,-0.011206000000000493,-0.11701400000000017,-0.06688199999999966
2009-06-24,2016-03-01,0.1365,1.373,-0.7978,0.7978,13.335,13.295,-0.003004132938994264,153541300,23506.48046875,23711.240234375,0.008673059440827302,23.65,23.74,0.0037982742435800354,0.009312999999999683,-0.010883999999999894,0.020304999999999573,-6.990000000000052e-4
2009-08-12,2016-04-01,0.1948,-0.1222,-0.5309,0.5309,13.039,13.02,-0.0014582296609120249,136708400,27800.80078125,28096.01953125,0.010563087251028946,27.99,28.11,0.004278081391078548,-0.02056300000000011,0.00960099999999997,0.009821999999999775,0.01021300000000025
2009-09-23,2016-05-01,0.1786,-2.0931,-0.2001,0.2001,13.401,13.305,-0.007189426608438687,348603400,29513.6796875,28959.669921875,-0.01894970435479415,29.6,28.9,-0.02393276621162821,0.009503999999999735,-5.980000000000985e-4,-0.021614999999999718,-0.011817999999999884
2009-11-04,2016-06-01,0.1055,-0.2377,-0.5513,0.5513,13.268,13.3175,0.003723838724211337,177574000,28935.33984375,29430.509765625,0.01696820335541993,28.96,29.39,0.014738912913310198,0.009547000000000416,-0.010787999999999798,-6.529999999997926e-4,-0.03401499999999924
2009-12-16,2016-07-01,-0.1239,0.6135,-0.177,0.177,12.69,12.7245,0.002714987207466102,215466300,31902.66015625,31956.25,0.0016783830541093891,32.1,32.02,-0.0024953225674018142,0.00958499999999951,-5.490000000003548e-4,-6.379999999994723e-4,0.010189000000000448
2010-01-27,2016-08-01,-0.0098,1.0977,0.1752,-0.1752,12.929,13,0.005476507189120294,306309200,30629.7890625,30610.830078125,-6.191637265171579e-4,30.69,30.63,-0.001956947786960761,-4.509999999999792e-4,-0.010787999999999798,-6.430000000001712e-4,-0.011569999999999858
2010-03-16,2016-09-01,0.1552,-0.8026,-0.212,0.212,12.523,12.5285,4.390954704005523e-4,137764000,32581.900390625,32723.900390625,0.004348778273650211,32.5,32.71,0.006440752214600831,-0.012255999999999823,0.0180769999999999,0.007963999999999416,-0.002811000000000341
2010-04-28,2016-10-01,0.1096,-0.0509,-0.3151,0.3151,12.362,12.357,-4.045471150284641e-4,218786300,32679.169921875,32952.859375,0.008340166912555347,32.75,32.9,0.004569695690065156,-6.580000000004915e-4,0.009653000000000134,-0.011083000000000176,-6.669999999999732e-4
2010-06-23,2016-11-01,0.1729,0.1096,0.1267,-0.1267,12.66,12.6405,-0.001541471817649409,158766800,32470.76953125,32663.2890625,0.005911503015566311,32.54,32.63,0.0027620088143374133,-5.499999999996064e-4,-6.110000000001392e-4,-0.011074999999999946,-6.349999999999412e-4
2010-08-10,2016-12-01,0.1297,-0.6059,0.6651,-0.6651,12.7084,12.626,-0.00650501220191213,149397800,32837.3203125,32685.51953125,-0.004633530939862851,32.7,32.72,6.11433831338104e-4,-5.299999999994753e-4,-0.02106600000000025,-6.189999999994811e-4,-0.022545000000000037
2010-09-21,2017-01-01,0.1999,-0.1874,0.0621,-0.0621,12.7635,12.747,-0.0012935851748006044,169355600,33273.91015625,33296.69140625,6.844237652838814e-4,33.27,33.27,0,-0.11118899999999954,-0.020999999999999908,-5.959999999998189e-4,-6.209999999997606e-4
2010-11-03,2017-02-01,0.4048,-0.2498,-0.8113,0.8113,12.2884,12.2575,-0.002517733415591028,215073000,35722.828125,35843.80859375,0.0033809213213586986,35.82,35.87,0.0013948949116251441,0.009265999999999774,-0.1131770000000003,-0.06359599999999954,-0.033650999999999875
2010-12-14,2017-03-01,0.1927,0.005,-0.3125,0.3125,12.3729,12.358,-0.0012049704461092325,164355600,37889.83984375,37901.0390625,2.955294619386706e-4,37.89,37.86,-7.920792493325557e-4,0.04971900000000051,0.040280000000000094,0.04117199999999954,0.09766999999999992
2011-01-26,2017-04-01,0.1561,-0.1701,-0.2999,0.2999,12.0561,12.0498,-5.226936263267312e-4,166526200,37485.5703125,37585.3984375,0.00265956828598668,37.48,37.61,0.0034625151120235564,-4.199999999991988e-4,-5.12000000000512e-4,0.009866999999999848,-6.049999999993005e-4
2011-03-15,2017-05-01,0.0856,0.5282,-0.1064,0.1064,12.018,11.979,-0.003250409162542489,145341200,36203.78125,36012.171875,-0.005306578847140031,36,36.01,2.7773920467399904e-4,-4.6400000000001995e-4,0.07090599999999991,0.03079300000000007,-6.279999999998509e-4
2011-04-27,2017-06-01,0.0781,-0.3502,0.1258,-0.1258,11.577,11.56,-0.001469507979360074,152208200,36889.2890625,36826.9296875,-0.0016918770640295122,36.87,36.8,-0.0019003670711676968,-5.000000000006111e-4,0.030081000000000024,-5.950000000005673e-4,0.01021800000000006
2011-06-22,2017-07-01,0.1288,0.383,-0.2197,0.2197,11.7869,11.7585,-0.0024123619707281385,169696600,35276.6015625,35399.44140625,0.003476141625515794,35.2,35.41,0.005948183519760786,-5.969999999999587e-4,-5.170000000003228e-4,-5.719999999991288e-4,-6.089999999998597e-4
2011-08-09,2017-08-01,0.4652,-1.522,0.2486,-0.2486,12.409,12.3479,-0.004936007662848851,335495600,31719.490234375,32381.55078125,0.02065751444289532,31.85,32.37,0.01619468591998041,-4.029999999999312e-4,-0.02087899999999987,-5.470000000000752e-4,-5.610000000002557e-4
2011-09-21,2017-09-01,0.1982,0.9489,1.2882,-1.2882,13.3856,13.402,0.0012244472852365185,229279800,34361.26171875,34019.21875,-0.010004194739504868,34.6,33.93,-0.019554103267540146,-4.780000000002005e-4,0.009714000000000667,0.020317000000000363,0.010302000000000255
2011-11-02,2017-10-01,0.112,0.3465,0.1243,-0.1243,13.4306,13.4029,0.012070764485787144,NA,35756.23046875,35742.5703125,-3.8210868621391114e-4,36.74,35.72,0.028155323778681574,0.0025719999999997967,0.0026809999999999334,-0.024886000000000408,-0.07718000000000025
2011-12-13,2017-11-01,0.1499,0.1627,0.3305,-0.3305,13.7505,13.79,0.0028685047174077383,203730600,37228.26953125,36471.44140625,-0.020538879205014737,37,36.44,-0.015250840252466702,-0.012159000000000475,-0.043078999999999645,-0.012679000000000329,0.008518999999999721
2012-01-25,2017-12-01,0.1058,-0.5627,0.6539,-0.6539,13.174,13.079,-0.0072372997114857895,191269400,36853.8984375,37212.859375,0.009692978566281596,36.9,37.24,0.009171901362384549,-5.000000000006111e-4,-0.010745000000000005,-5.629999999996471e-4,-0.022242000000000317
2012-03-13,2018-01-01,0.1428,0.431,-0.3942,0.3942,12.6389,12.622,-0.0013380364532853406,145923600,37589.37890625,38019.76171875,0.011384535185580802,37.61,38,0.010316187244140629,0.120139,-5.709999999998772e-4,0.020321000000000033,-5.88000000000477e-4
2012-04-25,2018-02-01,0.0685,0.1478,-0.1434,0.1434,13.1254,13.1449,0.0014845664938274439,259278200,38850.76953125,39066.01171875,0.005524939084189384,39,39.07,0.0017932629373329512,-0.04081400000000013,-0.031124999999999403,0.009917999999999871,0.021176000000000528
2012-06-20,2018-03-01,0.1434,0.3734,0.7396,-0.7396,13.7272,13.6913,-0.002618671372625947,213396800,38689.69140625,38973.640625,0.007312343587672743,38.62,38.93,0.007994884621996157,0.009399000000000157,-5.76000000000576e-4,-5.720000000000169e-4,-5.730000000001567e-4
2012-08-01,2018-04-01,0.1191,0.6602,-0.2016,0.2016,13.306,13.2999,-4.5854491724650615e-4,139275600,40698.55859375,40805.3984375,0.0026217108674817524,40.9,40.79,-0.0026931097192886,-0.020521000000000456,0.06074599999999997,-0.011014999999999553,-5.809999999994986e-4
2012-09-13,2018-05-01,0.3472,0.5124,-1.0139,1.0139,12.9914,12.818,-0.013437167004843431,NA,40651.9296875,40248.37890625,-0.009976578221955634,40.26,40.69,0.01062394180195314,-0.027036999999999978,-0.047994999999999344,-0.031912999999999414,-0.022234000000000087
2012-10-24,2018-06-01,0.0742,0.0876,0.1872,-0.1872,12.9493,12.9689,0.0015124509986237378,176972000,42041.21875,42095.16015625,0.0012822375847836298,42.1,42.08,-4.7517225888116243e-4,0.009609999999999452,0.019854000000000482,-5.719999999991288e-4,-5.80000000000247e-4
2012-12-12,2018-07-01,0.2276,-0.026,-0.4315,0.4315,12.7599,12.8269,-0.00173349012139834,NA,43182.3515625,43183.28125,2.1529107579354445e-5,43.18,43.13,0.0011586144269095655,0.05301899999999993,-0.02817500000000006,-0.024636000000000102,-0.0011760000000000659
2013-01-30,2018-08-01,0.1639,-0.2233,-0.0744,0.0744,12.743,12.7281,-0.001169953531616752,169869600,45910.78125,45753.1796875,-0.0034386844335632105,46,45.76,-0.00523104941755248,0.09996000000000027,-0.020925000000000082,-0.010959000000000607,-5.299999999994753e-4
2013-03-20,2018-09-01,0.2112,0.0421,-0.7655,0.7655,12.3857,12.3779,-6.299568930163701e-4,387862800,42047.26953125,42497.96875,0.01066183021838718,42.44,42.5,0.001412762184588967,0.019697999999999993,-4.5900000000020924e-4,-4.52000000000119e-4,0.010350999999999999
2013-05-01,2018-10-01,0.1766,-0.1298,0.6982,-0.6982,12.1875,12.188,-0.0038144452422219643,NA,42266.94140625,42263.48046875,-8.188619967164357e-5,42.25,42.26,-2.3665838472775036e-4,-0.007956000000000074,-0.008271999999999835,-0.005606999999999918,-0.02222500000000016
2013-06-19,2018-11-01,0.1555,1.2789,-1.9618,1.9618,12.874,12.9733,0.007683625642896708,288693800,39460.01171875,39044.94921875,-0.010574271041244643,39.64,38.97,-0.01704659011116938,0.10006999999999966,0.0708479999999998,-0.021187999999999985,0.04237100000000016
2013-07-31,2018-12-01,0.0941,0.0813,0.2298,-0.2298,12.8735,12.785,-0.006898326165063029,289151600,40247.28125,40837.87890625,0.014567600274755677,40.4,40.8,0.009852296443011443,0.04978199999999999,0.009778999999999982,0.009954000000000018,-4.4700000000030826e-4
2013-09-18,2019-01-01,0.0775,-1.3437,2.5478,-2.5478,12.9385,12.755,-0.014284011130722973,221658300,41136.859375,41902.19921875,0.018433771497713636,41.5,41.93,0.010308133946018927,0.029879999999999907,-0.010539999999999772,-3.660000000000885e-4,-0.06455900000000003
2013-10-30,2019-02-01,0.1,0.0841,-0.3262,0.3262,12.8835,12.9,0.0012798884753744133,191371900,41288.62890625,41050.08984375,-0.005794108372528584,41.3,40.99,-0.007534365450740488,0.0800679999999998,-0.010453000000000046,-0.010662999999999645,0.01035900000000023
2013-12-18,2019-03-01,0.2132,0.0179,-0.6277,0.6277,12.982,12.86,-0.00944206380180379,343004400,41758.55859375,42079.87109375,0.007665078517819168,41.6,42.07,0.011234730335211829,-3.3100000000008123e-4,-3.1299999999978567e-4,-3.3599999999989194e-4,-3.819999999996604e-4
2014-01-29,2019-04-01,0.2178,-0.0378,0.2412,-0.2412,13.3815,13.342,-0.0029562017524868978,230428900,40656.28125,40689.8984375,8.265216521028407e-4,40.45,40.69,0.005915718509097445,0.05986400000000014,-3.069999999998352e-4,0.010006000000000181,0.04227500000000006
2014-03-19,2019-05-01,0.0635,1.0383,-0.5745,0.5745,13.1635,13.2795,0.008773644753509391,259455700,38804.75,38811.94140625,1.8530566403462956e-4,38.9,38.79,-0.0028317691725248118,0.009631999999999863,-0.010492999999999864,0.009992000000000001,0.010299999999999976
2014-04-30,2019-06-01,0.149,0.1236,-0.044,0.044,13.102,13.085,-0.0012983543275750797,298205400,40702.80859375,40711.55859375,2.1494977694835882e-4,40.68,40.68,0,0.06200100000000042,-0.00819599999999987,0.025117999999999974,-0.011050000000000004
2014-06-18,2019-07-01,0.0883,0.4083,0.1639,-0.1639,13.06,13.009,-0.003912698228862865,175284800,42612.78125,42802.6015625,0.004444647292784154,42.6,42.8,0.004683849312426158,-1.340000000000785e-4,-2.3799999999996047e-4,0.01005300000000009,-2.740000000001075e-4
2014-07-30,2019-08-01,0.147,-0.0931,0.2256,-0.2256,13.109,13.126,0.0012959788358588575,144478500,44479.1015625,44311.05859375,-0.0037851754989812747,44.5,44.29,-0.004730271237087802,0.019814999999999916,-2.4499999999960664e-4,-0.010550000000000281,-2.56000000000256e-4
2014-09-17,2019-09-01,0.0745,0.7499,-0.1599,0.1599,13.161,13.176,0.0011390820231529375,187870100,45861.5703125,46043.62109375,0.003961713513115583,45.35,46.05,0.015317586140170203,0.06982399999999966,0.009688000000000141,-0.010774000000000061,-0.01105199999999984
2014-10-29,2019-10-01,0.0876,0.8784,0.0121,-0.0121,13.427,13.4825,0.004124943138673842,163865000,44033.73046875,44238.94140625,0.0046494867057678135,44.14,44.24,0.0022629563854890122,-3.060000000001395e-4,0.00987799999999961,-0.02081400000000011,0.02091300000000018
2014-12-17,2019-11-01,0.2895,-1.539,-0.5004,0.5004,14.645,14.431,-0.014720309825755784,354708300,40225.51171875,41004.44140625,0.019178973610726402,40.2,40.98,0.01921714718577805,-8.199999999991547e-5,-0.010362000000000204,-0.010552000000000117,0
2015-01-28,2019-12-01,0.1562,-0.1374,0.136,-0.136,14.651,14.7295,0.005343693047944242,171120600,42627.8203125,42158.0703125,-0.011080966494750655,42.65,42.18,-0.011081098887059326,-0.0016890000000002736,-0.012162000000000006,-0.005758000000000152,-0.02195999999999998
2015-03-18,2020-01-01,0.1905,-2.4187,0.7684,-0.7684,15.408,15.1325,-0.018042106272064373,267505600,43756.78125,44360.87109375,0.013711198416521242,43.79,44.38,0.013383436691140727,-0.05967299999999964,-0.023569000000000173,-0.09248400000000023,-0.13000100000000003
2015-04-29,2020-02-01,0.2009,0.3058,-0.8709,0.8709,15.233,15.223,-6.566850774469835e-4,176865800,45338.359375,44942.23046875,-0.008775561814685418,45.29,45.02,-0.005979422089536168,-0.006003999999999898,-0.005371999999999932,0.00317400000000001,-0.009436
2015-06-17,2020-03-01,0.0942,-0.6491,-0.1424,0.1424,15.4245,15.318,-0.006928546867816188,204730000,44719.578125,44792.0390625,0.0016190290289674891,44.86,44.83,-6.68970924714074e-4,0.006696999999999953,-0.004986000000000157,-0.011350999999999889,-0.011737999999999804
2015-07-29,2020-04-01,0.0585,0.4825,-0.1979,0.1979,16.237,16.2345,-1.539811838031646e-4,197220000,44215.3984375,44471.2890625,0.0057706819890537275,44.2,44.47,0.006090015438952712,-0.028656999999999933,0.034491999999999745,7.630000000000692e-4,-0.03252800000000011
2015-09-17,2020-05-01,-0.5335,-1.5287,0.6352,-0.6352,16.547,16.4885,-0.003541648296434996,233017500,43279.140625,43790.9296875,0.011755933005156649,43.25,43.77,0.011951417824915378,-0.03546499999999986,-0.048435000000000006,-0.086132999999999793,-0.08765400000000012
2015-10-28,2020-06-01,0.1122,1.8037,0.0543,-0.0543,16.46,16.615,0.00937270655763367,181760000,44683.6015625,44741.6796875,0.0012989197764650129,44.9,44.77,-0.002899522495334317,-0.04912099999999997,-0.027635000000000076,0.01587700000000014,0.03980399999999973
2015-12-16,2020-07-01,0.3133,-0.0165,0.535,-0.535,17.086,17.088,1.170480483576597e-4,213875200,42909.01953125,43429.71875,0.012061921268299969,43.15,43.45,0.006928434181964427,0.08162599999999998,-0.01872100000000021,-0.0032169999999998034,0.0501640000000001
2016-01-27,2020-08-01,0.0061,-0.4571,0.0646,-0.0646,18.454,18.42,-0.0018441183292030594,356684100,41923.4296875,42109.890625,0.004437793075890539,41.99,42.11,0.0028537474777343697,0.0068150000000000155,0.01959400000000011,0.007023999999999919,0.009395000000000042
2016-03-16,2020-09-01,-0.1059,-1.8125,-0.0361,0.0361,17.9425,17.6475,-0.016578070034599435,223581100,44207.5390625,44751.3984375,0.01222735266895647,44.13,44.81,0.015291505516596082,-0.006124999999999936,-0.03866600000000009,-0.027751999999999555,-0.009926000000000101
2016-04-27,2020-10-01,0.1044,0.3297,0.2548,-0.2548,17.342,17.3395,-1.4416908174830212e-4,242688300,45566.890625,45941.51953125,0.008187903135672414,45.71,46.04,0.007193491510028682,0.01253100000000007,0.022733000000000114,0.01044899999999993,3.159999999997609e-4
2016-06-15,2020-11-01,0.0403,-0.7779,-0.1874,0.1874,18.87,18.802,-0.00361011222409946,207926700,44562.73046875,45011.21875,0.010013894284012892,44.35,45.06,0.0158822262485101,-0.027039999999999953,0.011347999999999914,-0.009996000000000116,0.020795999999999815
2016-07-27,2020-12-01,0.0919,0.1571,0.3179,-0.3179,18.7985,18.87,0.003796279961768345,344547900,46933.76171875,46812.0703125,-0.002596200214256328,47.03,46.6,-0.009185154825356534,0.05026400000000031,0.04877500000000001,0.002557999999999616,0.008151000000000685
2016-09-21,2021-01-01,-0.3929,-0.1762,0.4677,-0.4677,19.8775,19.87,-3.7738222977612423e-4,255440800,46345.37890625,46929.19140625,0.012518312805712029,46.44,46.96,0.011135018690150655,1.299999999995194e-4,0.004959999999999631,0.058701000000000114,-0.024807999999999275
2016-11-02,2021-02-01,0.1187,0.1751,0.0474,-0.0474,19.25,19.134,-0.001611687681525531,NA,47286.16015625,47303.30859375,3.625866159211455e-4,47.29,47.29,0,0.02910099999999982,0.10734200000000005,0.01453900000000008,0.019751000000000296
2016-12-14,2021-03-01,0.0293,1.3897,-0.235,0.235,20.232,20.38,0.007288518426914692,246953200,46870.640625,46220.5390625,-0.013967212217009362,46.74,46.18,-0.012053525184362535,-0.022829000000000654,-0.004174000000000788,-0.0045320000000002025,-0.01935500000000001
2017-02-01,2021-04-01,0.1318,-0.3792,-0.1273,0.1273,20.775,20.7585,-7.945393895543162e-4,170788000,47001.96875,47009.51171875,1.6046909863831615e-4,47.25,46.98,-0.0057306747089849175,0.022011000000000003,-0.06558099999999989,-0.0504389999999999,-0.03451099999999929
2017-03-15,2021-05-01,0.2457,-1.3124,-0.0288,0.0288,19.4835,19.27,-0.011018471107036465,177679600,47087.76953125,47470.30859375,0.008091136305655056,47.11,47.53,0.008875797913967975,-0.033680000000000376,-0.07766800000000007,-0.04673999999999978,-0.04439599999999988
2017-05-03,2021-06-01,0.1931,0.4046,6e-4,-6e-4,18.79,18.8405,0.002683994648814192,146088900,49540.30078125,49099.98046875,-0.00892785851015887,49.73,49.26,-0.009495980034255336,0.01470299999999991,0.0012370000000005987,-2.9999999995311555e-6,-2.770000000005268e-4
2017-06-14,2021-07-01,0.3192,0.3507,-0.0122,0.0122,17.9565,17.925,-0.0017557798917131606,164855600,49121.19921875,49291.03125,0.003451444988785468,49.17,49.34,0.003451429677362672,0.05264399999999991,-0.027108000000000132,-0.07999899999999993,-0.08607100000000045
2017-07-26,2021-08-01,0.0966,-0.2104,0.2056,-0.2056,17.7925,17.6295,-0.009203384932407577,192256600,51537.30078125,51600.26171875,0.0012209120284563113,51.9,51.59,-0.005990934915284463,-0.00508699999999962,-0.0057589999999994035,-0.028709999999999347,-0.02967899999999979
2017-09-20,2021-09-01,0.0498,1.1731,0.1235,-0.1235,17.7385,17.7985,0.0033767654564376137,116644300,50312.7890625,50363.94921875,0.0010163253503652214,50.19,50.4,0.004175371410480633,0.005796000000000134,-0.004598999999999798,-0.0017329999999997625,-0.007264000000000159
2017-11-01,2021-10-01,0.1391,0.1403,-0.021,0.021,19.105,19.1285,0.0012292886060305541,193082500,48700.16015625,48334.44921875,-0.007537777942060231,48.5,48.32,-0.00371824431687795,0.020364999999999966,-0.005698000000000647,0.009766999999999193,-0.011013000000000162
2017-12-13,2021-11-01,0.1951,-0.2118,0.1677,-0.1677,19.199,19.0775,-0.006348564162367509,324446200,47831.578125,48276.71875,0.00926337938769528,47.89,48.27,0.00790353531788357,0.006936999999999749,0.01564399999999999,-0.01905800000000024,-0.01904100000000053
2018-01-31,2021-12-01,0.1757,0.249,-0.1555,0.1555,18.6235,18.6515,0.0015023477004127983,193869800,50385.94921875,50456.171875,0.0013927249216720838,50.44,50.39,-9.917684042117791e-4,0.04891299999999976,0.001742999999999384,-0.026088999999999807,-0.01717999999999975
2018-03-21,2022-01-01,0.1233,0.1086,-0.3651,0.3651,18.5865,18.479,-0.005800558547231827,243628900,47078.859375,47521.83984375,0.009365336835868376,47.09,47.54,0.00951079767658447,-0.024335999999999913,-0.00881099999999968,-0.01438600000000001,-0.03661099999999973
2018-05-02,2022-02-01,0.1627,-0.1906,0.0983,-0.0983,19.1395,18.9485,-0.010029489658966995,224921700,48318.03125,47809.98046875,-0.010570394678319772,48.7,47.81,-0.01844420745053199,0.0754520000000003,0.014789000000000385,-0.0017209999999998615,0.00791400000000042
2018-06-13,2022-03-01,0.0159,0.8383,-0.1004,0.1004,20.682,20.802,0.0057853791681581335,185514000,46579.73046875,46760.578125,0.0038750221693550913,46.9,46.92,4.263483330411155e-4,0.04776199999999964,0.009079999999999977,-0.01021800000000006,-0.03828699999999863
2018-08-01,2022-04-01,0.1917,-0.0519,0.0558,-0.0558,18.5925,18.6035,5.91461464709564e-4,118712500,49742.05859375,49449.44140625,-0.005900062734232492,49.54,49.34,-0.004045312960002878,0.007468000000000252,1.9700000000000273e-4,0.009042000000000883,0.004128999999998939
2018-09-26,2022-05-01,0.3094,-0.1885,-0.0389,0.0389,18.9695,18.8875,-0.004332098594271194,97265900,49675.7109375,49606.0703125,-0.0014028885369459232,49.8,49.53,-0.005436437430461183,-0.01500099999999982,0.004281000000000645,-0.02383000000000024,-0.02215600000000073
2018-11-08,2022-06-01,0.1275,0.2713,0.055,-0.055,19.98,20.135,0.007727821083010067,266730400,46808.51953125,44190.25,-0.05756105110693177,47.09,44.3,-0.06107598720437357,-0.03511599999999948,-0.0016519999999999868,0.040009000000001294,0.03367599999999982
2018-12-19,2022-07-01,0.4958,-0.0434,0.4828,-0.4828,20.055,19.985,-0.0034965070587293923,222583500,40950.3203125,41388.28125,0.010638146860012299,41.3,41.5,0.004830927269665608,0.04095099999999974,-0.025911999999999935,-0.009983999999999327,-0.005036999999999736
2019-01-30,2022-08-01,0.1321,-0.6669,-0.0756,0.0756,19.161,19.0465,-0.005993605588851647,175070700,43734.328125,43631.359375,-0.0023571908062294256,43.78,43.55,-0.005267388796205363,0.04639900000000097,0.011688000000001253,-0.007892999999999262,0.040000000000000924
2019-03-20,2022-09-01,0.3628,-1.2167,0.1823,-0.1823,18.93,18.827,-0.005455955478656627,214931900,42389.6015625,43156.2109375,0.017923259475253417,42.45,43.17,0.01681889681002957,-0.2728159999999997,0.003633999999999915,-0.04847100000000104,-0.013148000000001048
2019-05-01,2022-10-01,-0.0233,-0.6911,-0.059,0.059,19.0555,19.1025,-0.006132485760031781,NA,44513.05078125,44597.3203125,0.0018913523832626566,44.42,44.65,-0.005164488856226335,0.14160899999999899,0.018337999999999965,0.0027220000000003353,0.027216000000001017
2019-06-19,2022-11-01,0.4839,-2.0175,-0.7116,0.7116,19.1765,19.09,-0.004520933313990394,100286700,43215.5390625,43375.671875,0.003698596966426493,43.61,43.71,0.002290427020548158,-0.00784399999999863,-0.03369,-0.040365000000001316,-0.035400000000000986
